url,category,title,date,content
https://kookbang.dema.mil.kr/newsWeb/20221102/1/ATCE_CTGR_0080080002/view.do,command_communication,"AN/PRC-9, 10",,"AN/PRC-10은 1951년에 SCR-300 세트를 대체하기 위해 개발된 38.0~ 54.9 MHz 대역의 VHF 휴대용 무전기이다. 통달 거리는 약 8km이며, 무게는 11.3kg 가량 되었다. 진공관식으로 비교적 부피가 크다는 단점이 있었다.
AN/PRC-8과 AN/PRC-9는 기본적으로 동일하지만 조금 더 낮은 주파수 대역에서 운용된다.  20.0~27.9 MHz의 AN/PRC-8은 기갑부대에서, 27.0~38.9 MHz HF/VHF 버전인 AN/PRC-9은 포병에서 주로 운용되었다. AN/PRC-25로 대체된 1960년대 중반까지 미군에서 운용되었다.
대한민국 육군은 AN/PRC-9과 AN/PRC-10을 1953년 미 군원 품목의 하나로 인수, 초도 보급한 후 1968년까지 계속 획득, 운용했다. 미군과 마찬가지로 SCR계열의 무전기와 교체해 야전 보병 및 포병부대의 중대 및 대대급부대대의 지휘통신용 무전기로 운용했다. 베트남전 때 주월 한국군이 운용하던 AN/PRC-25 및 AN/PRC-77과 점차 교체한 후 1980년대 중반이 되면서 도태됐다."
https://kookbang.dema.mil.kr/newsWeb/20220913/1/ATCE_CTGR_0080080002/view.do,command_communication,SCR-399 무전기,,"SCR-399 무전기는 제2차 세계대전 중 미국이 장거리 통신을 제공하기 위해 mobile communications unit이다. 1950년 6월 25일 북한이 대한민국을 무력 침공했다는 사실을 서울에서 미국으로 최초로 공식 타전한 무전기로 유명하며, 6·25전쟁에서만 1만시간 이상 운용된 것으로 알려져 있다.
한국군은  1953년 휴전 직후에 미 군원 품목으로 획득해 사단급 이상 제대에 배치, 이동통신소로 운용하기 시작, 부대에 따라  1980년대 중반까지 운용했다.
SCR-399는 통신부분, 운용차량, 동력트레일러로 구성되었다. 통신부분은 핼리크래프터스 스탠더드(Hallicrafters Standard) HT-4를 기반으로 한 BC-610 송신기를 비롯해 BC-614(음성 증폭기), BC-312·BC-342 수신기 등으로 구성되었으며 하우징(housing)은 2 ½톤 트럭에 HO-17셸터(shelter)를  장치한 형태였다. 이 트럭에는  PE-95 파워유닛(power unit)과  동력기재장치 등을 실은 K-52 트레일러(trailer)를 연결했다.
진공관식 고출력 AM무전기로서 고정 위치 또는 이동 시에도 음성 통달거리가 160km 이상이었으며, 400km 이상의 지속파(CW)통신도 가능해 무선전신타자용으로도 이용했다.
SCR-339는 주한미군 군사고문단(KMAG·Korean Military Advisory Group / United States Military Advisory Group to the Republic of Korea)이 1949년 주한미군이 철수할 때 미 육군으로부터 인수해 서울과 도쿄간 긴급 송신망으로 구성, 운용했었다.
KMAG은 1950년 6월 25일 북한이 대한민국을 무력 침공하자 이날 오전 10시경 미국 워싱턴의 육군부(Department of the Army)  정보참모부장(G-2)을 수신자로 하는 긴급 전문를 타전, 북한의 남침 상황을 알렸다.
KMAG은 개전 초기 북한군의 공격을 ‘전면전’이 아닌 ‘38선상의 충돌’ 정도로 간주했다가 오전 9시경에 이르러 전면전의 양상으로 파악하고 오전 10시경(한국시간)에 북한군의 공격에 관한 첫 전문을 육군부에 전송한 것이다.
미 국무부는 존 무초(John J. Muccio) 주한 미국대사가 보낸 전문을 이 보다 조금 늦은 오후 9시 26분(한국시간 오전 10시 26분)께 수신했다.
언론으로서 6·25전쟁을 최초 보도한 것은 UP통신(현 UPI·United Press International)의 잭 제임스(Jack James)기자였다. 그는 1950년 6월 25일 오전 9시 50분(한국시간) 전쟁 발발 기사를 본사에 타전했다(이 기사는 워싱턴 시간으로 오후 9시 4분에 도착하였다). 그는 이날 아침 무초 대사를 우연히 만나 전쟁 발발 이야기를 듣고 기사를 타전했다고 한다.
당시 주한 미 대사관 1등서기관 노블의 회고에 의하면 주한미대사관에서는 전쟁 발발 사실을 뉴스로 타전하는 데 주의를 기울여 달라고 말했지만, 제임스 기자는 이에 아랑곳 않고 기사를 발송했다고 한다.
(관련 기록으로 국방부 전사편찬위원회가 1990년에 번역한『미합동참모본부사:한국전쟁』,  해롤드 노블의 저서를 번역, 발간(1980)한 『전화속의 대사관』이 있다. )"
https://kookbang.dema.mil.kr/newsWeb/20220908/2/ATCE_CTGR_0080080002/view.do,command_communication,SCR-193 무전기,,"SCR-193 무전기는 
진공관식 중출력 AM무전기로서
송신기 수신기 발전기 및 차량설치에 필요한 부속품으로 구성되어 있다. 탑재하는 차량의 종류에 따라 설치방법이 조금씩 달라
SCR-193-A, SCR-193-B, SCR-193-C, SCR-193-D, SCR-193-E 등으로 구분된다.
제2차 세계 대전 중 미군이 M2A3 경전차(light tank), M1 정찰차(scout car), M1A1 전투차량(combat car), M3A1 정찰차, 1/4톤 지휘차량 등에 탑재 운용했다.
한국군은 1951년에 미 군원으로 초도 보급받아 보병 연대급이상 제대에서 사용했으며 각종 차량에 설치 운용했다.  통달거리는 차량 정지시 96km 이동시 최대 48km.  1980년대 중반에 도태되었다."
https://kookbang.dema.mil.kr/newsWeb/20220908/3/ATCE_CTGR_0080080002/view.do,command_communication,SCR-694 무전기,,"SCR-694는 1944년 생산돼 제2차 세계대전 당시 미군이 사용한 AM무전기이다. 차량 또는 휴대용 야전무전장비로서 산악부대와 공수부대에서 운용할 의도로 개발되었지만 대대급 부대의 통신수단으로 표준화되었다.
AM 및 CW 모드 작동이 가능한 BC-1306 진공관 송/수신기와 PE 237 전원공급기, GN-58 발전기, T-17마이크로폰, 그리고 허드？과 안테나로 구성됐다. 무게 8.9kg.  주파수 3.8 ~ 6.5MHz 범위에서 최대 24km 통달 가능하다.
한국군은 창군 때 미군으로부터 이양받은 데 이어 6·25전쟁 중 미 군사원조로 획득했다. 대대급 이상 제대에서 지상 및 차량에 설치, 야전 전술용 무전기로 부대에 따라 1980년대 중반까지 운용되었다."
https://kookbang.dema.mil.kr/newsWeb/20220908/1/ATCE_CTGR_0080080002/view.do,command_communication,SCR-188 무전기,,"SCR-188무전기는 1940년대에 미국에서 개발한 진공관식 중출력의 AM 무전기이다. BC-191송신기, BC-342 수신기를 비롯 RA-34 정류기(rectifier), 마이크로폰, 안테나 등으로 구성되어 있다.
크다고 할 수 있지만 이동이 가능한 무전기였다. 통달거리가 약 161km에 달해
보병연대급 이상 부대에서 고정 설치하거나 이동간 통신소 설치 시 운용했다.
한국군은 창군 때부터 전쟁 후 1960년까지 미 군원으로 보급받았으며 6·25전쟁시 야전 전술작전 지휘통제용 무전기로 사용했다. 부대에 따라 1980년대 중반까지 운용하다 도태되었다."
https://kookbang.dema.mil.kr/newsWeb/20220831/2/ATCE_CTGR_0080080002/view.do,command_communication,SCR-536 무전기,,"SCR-536 (Signal Corps Radio)
 
SCR-536은 미국의 갤빈 매뉴팩처링(Galvin Manufacturing)이 1940년에 개발해 미 육군이 제2차 세계대전 중 운용한 휴대용 무전기이다.
BC-611 트랜시버(transceiver) 등으로 구성됐으며 무게는 배터리 포함 2.27kg로서 양방향 송수신이 가능한 최초의 휴대용 독립형 핸디토키(handie talkie)이다.
주파수 범위는 3.5~6.0MHz이며 통신 범위가 약 800m에 불과해 중대/대대 지휘부와의 통신은 어려웠다. 배터리 용량도 적었고 주파수 조정이 불가능한 점 등이 단점으로 지적되었다. 종전 때까지 13만여 대가 생산되었다.
한국군은 창군기와 6·25전쟁기를 통해 미 군원으로 약 1만여 대를 획득, 운용했다.
▶ 미군 통신장비 명명 사례 해설
제2차 세계대전 전에는 미 해군과 육군의 기기 명명법이 서로 달랐다. SCR은 미 육군의 분류법이다.
미 육군 분류법에 따라 SCR-536을 표기할 때는 ‘BC-611’를 앞에 붙여 BC-611/SCR-536이라고 쓰는데, SCR는 Signal Corps Radio의 약어로서 시스템을 뜻하고, BC는 Basic Component의 약어로서 구성품을 뜻한다.
다시 말해서 통신 부대 무선기(Signal Corps Radio) 시스템 536을 뜻하며, 이 시스템은 BC-661로 구성된다는 뜻이다.
미군은 1940년경부터 미 육·해군 간에 공통 규격에 의한 명명법이 채용했으며 약간의 수정을 거쳐 지금에 이르고 있다. 이를테면 기기명 앞에 붙는 AN은 Army&Navy의 약어로서 육·해군 공용임을 뜻한다. ARC-5는 항공기 탑재 무선 통신(Airborne Radio Communication) 제5시스템을 뜻한다."
https://kookbang.dema.mil.kr/newsWeb/20220831/1/ATCE_CTGR_0080080002/view.do,command_communication,SCR-300 FM 무전기,,"SCR-300 (Signal Corps Radio)
워키토키 별칭 붙은 첫 무전기
한국군, 1960년대초까지 운용
SCR-300은 제2차 세계대전 당시 모토롤라(Motorola· 당시에는 Galvin Manufacturing Company)가 개발한 휴대용 FM 무선 송수신기이다.
‘워키토키(walkie talkie)’라는 별칭이 붙은 최초의 무선장비이다.

미 전쟁부(War Department)가 발간한 매뉴얼(Technical Manual TM-11-242)에는 ‘보병을 위한 워키토키(a walkie-talkie for foot combat troops)라고 기술되어 있다. 워키토키란 말이 처음으로 쓰인 사례이다.
SCR-300은 손에 들고 다니는 소형은 아니고 배낭에 결속해 메고 다니는 형태로서 무게는 BA-80 배터리 포함 14.62kg이다, 주파수 대역은 40.0~48.0MHz이며 지형과 장비사양에 따라 다르지만 통신거리는 대체로 약 4.8km로 알려졌다.
한국군은 SCR-609, 610과 함께 창군기부터 6·25전쟁기에 미 군사원조로 보급되어 대대에서 중대간, 연대에서 대대간의 지휘통신망 운용에 사용되었다. 특히 기갑부대에 주로 배치되어 보병(SCR-610), 포병(SCR-609)과의 협동작전 시 전술통신망 운용에 이 무전기들이 사용되었다. 
휴전 후 1960년까지 운용한 것으로 알려져 있다."
https://kookbang.dema.mil.kr/newsWeb/20220830/1/ATCE_CTGR_0080080002/view.do,command_communication,"SCR-609, SCR-610 무전기",,"SCR-609, SCR-610무전기는 제2차 세계대전 중 단거리 지상 통신을 위한 FM 무전 송수신기로서 야전포병에서 주로 운용했다.
27~38.9MHz의 주파수 범위에서 송수신 범위가 약 8km였다. 두 무전기는 전력 공급 방식을 제외하면 동일한 장비로 볼 수 있다. SCR-609는 배터리팩(CS-79)을 쓰고 SCR-610은 전원공급장치가 있는 차량용 배터리로 작동한다.
우리 군은 창군기부터 6·25전쟁기에 미 군사원조로 보급돼 대대에서 중대간, 연대에서 대대간의 지휘통신망 운용에 사용되었는데 보병에서 SCR-610, 포병에서 SCR-609이 많이 쓰였다. 휴전 후 1960년까지 운용되었다."
https://kookbang.dema.mil.kr/newsWeb/20211201/1/ATCE_CTGR_0080080002/view.do,command_communication,특수작전무전기,,"특수작전 무전기는 특수작전부대의 원활한 지휘통제 및 전장상황 공유를 위해 2021년 11월 30일 최초 전력화를 시작한 장비이다.
방위사업청은 2020년 5월 사업대상자로 인소팩(주)를 선정했으며, 2022년 4월까지 34억 원 상당의 장비를 구매해 육군과 해병대에 전력화한다. 방위사업청과 육군은 이번 최초 구매를 통해 전력화한 물량에 대해 야전운용시험(FT, Field Test)을 통해 야전배치 전력의 완전성을 확인할 예정이다.
방위사업은 최초 전력화 FT 결과에서 도출된 우선 조치사항을 후속 구매에 반영함으로써 사용자 운용성 및 만족도를 높여 한층 진화된 무전기를 획득할 예정이다. 후속 구매사업은 2022년에 착수, 2023년 전력화를 목표로 하고 있다.
특수작전무전기는 기존(현용) P-96K와 달리 양방향 통신 기능과 상호 중계(Ad-hoc) 기능을 보유하고 있어 특수작전 간 원활한 부대 내부 지휘통제 및 전장상황 공유 및 격실화 된 내부에서의 단절 없는 통신이 가능해졌다. 또한 상용 위성위치확인시스템(GPS)가 내장되어 있어 사용자 위치 및 좌료 등 위치정보 확인이 가능하며 이와함께 문자전송, 자체 고장진단 기능 등 다양한 기능을 갖추고 있다.
방위사업청은 보도자료를 통해 ""특수작전 무전기 최초 구매 전력화를 통해 특수임무를 수행하는 특전사 요원들의 빈틈없는 작전 수행이 가능해졌다""며, ""이를 시작으로 북핵 및 대량 살상 무기(WMD, Weapons of Mass Destruction) 위협을 대비한 특임여단 능력 보강에 기여할 것""이라고 밝혔다.
■ 용어 해설
상호 중계(Ad-hoc) 
: 무전기의 통달거리(유효거리) 연장을 위해 별도의 중계 장치를 운용하지 않고 무전기 자체가 중계기 역할을 수행"
https://kookbang.dema.mil.kr/newsWeb/20210908/2/ATCE_CTGR_0080080001/view.do,command_communication,TA-512K 전술용 전자식 전화기,,"TA-512K 전화기는 국내 동양정밀(주)이 업체 주도로 개발한 장비로, 1993년부터 중대급 이상 제대에 전력화한 전술용 전자식 전화기이다. 미국제 TA-312/PT와 국산 모방생산품 KTA-312/PT 전술용 전화기를 대체했다.
TA-512K는 공전식, 자석식 및 전자식으로 운용이 가능하며 군용/상용 모든 교환기에 가입 운용 할 수 있고, 일반 민간전화기의 혼용으로도 사용할 수 있다. 전화기간 통달 거리는 30km. 버튼 누름식으로 무게는 2.9kg이다.
TA-512KA는 TA-512K를 소형·경량화한 개량품이다."
https://kookbang.dema.mil.kr/newsWeb/20210908/3/ATCE_CTGR_0080080001/view.do,command_communication,(K)TA-264/PT 증폭전화기,,"TA-264/PT Long Line Telephone Set
TA-264/PT는 미국에서 생산한 휴대용 증폭 전화기이며 1960년대 중반 미 군원 품목으로 육군에 보급되어 당시 육군의 표준장비로 운용되던 TP-9/PT를 대체하기 시작했다.
이 전화기는 주로 중계기의 설치 유지가 곤란한 야전의 장거리 선로에서 통달 거리를 확장하는 데 사용했으며 2선식 선로의 끝지점이나 선로의 중단지점에 연결하여 운용했다. 미국 ECOM사 제작.
KTA-264/PT는 국내 한국국제통신이 1977년부터 모방생산한 것으로 보병사단급 부대의 상황실에서 운용됐다. 통달거리 40~72Km, 무게 9.75kg"
https://kookbang.dema.mil.kr/newsWeb/20210908/1/ATCE_CTGR_0080080001/view.do,command_communication,TP-6 공전 자동전화기,,"TP-6 전화기는 공전 및 자동전화기로서 6·25전쟁 휴전 후인 1953년부터 사단급 이상 부대에서 공전식 교환대에 가입하여 운용했다. 미국의 밀스펙(MILSPEC)사 제품으로 무게 3.4kg에 다이얼 설치가 가능했다.
▶ 용어설명
공전식 (common-battery system, 共電式)
전화 가입자의 송화용이나 신호용의 전류를 교환국에 설비한 공통 전원에서 공급하고 국의 교환수에 의해서 교환 접속을 하는 수동 교환방식의 일종이다.( 전기용어사전) 
전화국에 직류 전원과 신호 전원이 있는 전화 회선에 사용하는 전화기. 수동 교환이기 때문에 수화기를 들면 국에 접속되고 교환원이 나온다. 교환원에게 상대방 번호를 말하면 교환원이 접속해 준다. (전자용어사전)"
https://kookbang.dema.mil.kr/newsWeb/20210222/1/ATCE_CTGR_0080080002/view.do,command_communication,SCR-508 무전기,,"SCR-508 (Signal Corps Radio)
기갑 및 기계화부대 주로 운용
SCR-508 무전기는 제2차 세계대전 중 미 육군이 운용하던 SCR-293 및 SCR-245 무전기를 대체하며 기갑부대와 기계화부대에서 지휘통제용으로 폭넓게 운용된 단거리 FM무전기이다.
미군은 제2차 세계대전 중 M4 셔먼전차 등 전차 부대의 지휘와 통제를 위해 운용하였다.
한국군은 우리 군은 6·25전쟁간 미 군원으로 도입해
1960년까지
대대급 이상 제대에서 지휘통신망과 보·전·포 협동작전 통신망으로 차량에 설치, 이용했다."
https://kookbang.dema.mil.kr/newsWeb/20210221/1/ATCE_CTGR_0080080002/view.do,command_communication,AN/PRC-6 휴대용 무전기,,"AN/PRC-6는 미국 JETDS사(社)에서 생산한 소형·경량의 저출력 휴대용 주파수 변조(FM) 무전기이다.
우리 군은 1953년부터 1968년까지 미국 군사원조 품목으로 획득해 운용했으며, 1973년 베트남 파병 국군이 복귀할 때 휴대해 계속 장비했다. 보병·포병부대의 분·소대급 소부대에서 사용하다가 지휘통신용으로 운용했다.
1970년대 중반 국산 분·소대용 소형 무전기가 개발, 보급되면서 일선에서 물러나기 시작해 1981년경 도태처리 되었다.
진공관식(眞空管式)으로 휴대용으로는 다소 큰 편이며 무게는 2.95kg이다. 송수신기(RT-196), 안테나(AS-2787), 건전지(BA-270) 등으로 구성됐으며 통달(通達)거리는 약 1.6km이다."
https://kookbang.dema.mil.kr/newsWeb/20210216/6/ATCE_CTGR_0080080001/view.do,command_communication,(K)TA-312/PT 야전전화기,,"(K)TA-312 field phone
TA-312/PT는 TA-43/PT와 같이 2선식(two-wire)의 배터리 작동(battery-operated) 야전용 전화기이다.  미국 ECOM사가 개발했으며, 우리 군은 1957~1968년 미 군원으로 획득하고 1971년 주한미군 철수 시 인수해 육군 사단급 제대 이하 부대에 보급해 운용했다.
KTA-312 전화기는 TA-312/PT를 국방과학연구소와 한국국제통신(주)이 모방개발·생산한 것으로 1975~1985까지 약 4만 대를 생산해 중대급 이상 제대에 전술용으로 보급했다.
운용 방식 : 자석/공전/반공전식
신호 형태 : 가청
통달거리 : 22.2 ~ 35km
무게 : 4.3kg
송화 전원 : 3V (DC)
생산 : 한국국제통신"
https://kookbang.dema.mil.kr/newsWeb/20210216/5/ATCE_CTGR_0080080001/view.do,command_communication,(K)TA-1/PT 야전 전화기,,"TA-1/PT Field Phone
TA-1/PT 야전 전화기(Field Phone)는 미국 ECOM사가 1940년대 말 개발한 자석식 휴대용 야전 전화기이다.
육군은 1953년 휴전 직후 미 군원 품목으로 도입하기 시작해 1972년까지 미 군원 품목으로 또는 미군 철수 시 인수장비로 획득했다. 또 베트남 파병 부대가 복귀할 때 휴대장비로 확보하기도 했다.
음성 전력(sound-powered)으로 동작하는 2선식 전화기로 WD-1/TT 필드 와이어(Field Wire)를 이용할 경우 통달거리는 6.4km(4마일) 가량 되었다. 1.25kg의 TA-1/PT는 방수케이스에 넣어 휴대할 수 있었으며, 중대급 이하 부대간 또는 경계초소간에 다른 전화기 또는 자석식 교환기에 연결해 사용했다.
이 전화기가 보급되면서 국군 첫 전화기인 TS-10전화기는 도태되었다.
한편
TA-1전화기를 1975년부터 국내 한국국제통신에서 모방생산해 배치한 것이
KTA-1PT이다.
다. 야전부대 중대급 이하 제대(경계초소용 등)에서 운용했다."
https://kookbang.dema.mil.kr/newsWeb/20210216/4/ATCE_CTGR_0080080001/view.do,command_communication,TA-43/PT 야전전화기,,"TA-43/PT 야전 전화기는 미국 MILSPEC사가 제작한 자석식 및 공전식 야전용 전화기로서 대한민국 육군은 1971년부터 미 군원 품목으로 확보해 사단급 이하 제대에서 전술용 전화기로 사용했다.
야전 전술 상황에서 편리하게 운용할 수 있도록 견고할 뿐만 아니라 방수 처리도 되었다. 야외 휴대는 물론 실내에서는 책상이나 벽에 고정 설치할 수 있다. 1975년에 국내에서 KTA-312/PT를 생산하면서 대체되기 시작해 1980년대 중반 이후 도태되었다.
운용방식 : 자석식 및 공전식
신호형태 : 가청
주파수 범위 : 300~3,200Hz
신호전원 : AV90~100V (수동발전기)
통달거리 : 22~35km
무게 : 4.3kg
제작 : 미국 MILSPEC사
<용어설명>
■ 공전식 전화기 
common-battery telephone set , 共電式電話機
전화국에 직류 전원과 신호 전원이 있는 전화 회선에 사용하는 전화기. 수동 교환이기 때문에 수화기를 들면 국에 접속되고 교환원이 나온다. 교환원에게 상대방 번호를 말하면 교환원이 접속해 준다. <출처 : 전자용어사전, 1995, 월간 전자기술 편집위원회>
■ 자동식 전화기
automatic telephone set , 自動式電話機
가장 일반적으로 쓰이고 있는 전화기로, 가입자 자신이 상대방의 번호에 따른 호출 조작을 함으로써 자동 전화 교환기가 동작하여 자동적으로 상대방에 접속되어 통화할 수 있도록 되어 있다. 이 전화기에서는 통화용, 신호용의 전류는 모두 전화국측에 설치된 대용량의 2차 전지에 의해서 공급된다. <출처 : 전자용어사전, 1995, 월간 전자기술 편집위원회>"
https://kookbang.dema.mil.kr/newsWeb/20210216/3/ATCE_CTGR_0080080001/view.do,command_communication,TP-9/PT 전화기,,"TP-9/PT Field Phone
미국 미 ECOM에서 생산한 자석식 휴대용 전화기로서 국군은 6·25전쟁이 시작된 후 미 군원으로 도입했다.
EE-8보다 크며 금속재로 제작되었다.
비교적 장거리 통신이 가능해 보병사단의 상황실에 설치하거나 특수임무를 수행하는 부대에서 사용했다. 1980년대 중반까지 운용되다 국산 KTA-264/PT가 보급되면서 도태되었다.
통달거리 : 48~72km (비증폭시)
무게 : 9.75kg(배터리 포함)"
https://kookbang.dema.mil.kr/newsWeb/20210216/2/ATCE_CTGR_0080080001/view.do,command_communication,EE-8 전화기,,"EE-8 Field Phone
EE-8 전화기(Field Phone)는 1940년대에 미국 ECOM사(社)가 제작한 자석식 및 반공전식으로 운용하는 이동형 전화기로서, TS-10 전화기(Handset Telephone)와 함께 창군시 미군으로부터 인수해 장비한 국군 최초의 전화기이다.
연대 및 대대급 제대에서 전술용으로 운용된 이 전화기는 통화거리가 19~20km(야전식 WD-1/TT 사용시) 정도였다. 비교적 정교하고 튼튼하게 제작돼 야전에서 휴대와 운용이 편리했다는 평가를 받았다.
미군에서는 제2차 세계대전 때 운용되기 시작해 베트남전쟁까지 쓰였으며, 국군에서는 육군 부대에 따라 1980년 중반까지 사용된 것으로 알려져 있다.
크기 : 9.5 x 7.75 x  3.5 인치 (inches)
무게 : 9.75 파운드(pounds · 배터리 포함)"
https://kookbang.dema.mil.kr/newsWeb/20210216/1/ATCE_CTGR_0080080001/view.do,command_communication,TS-10 전화기,,"TS-10 Handset Telephone
대한민국 국군이 EE-8 전화기와 함께 최초로 보유한 전화기이다.
TS-10 전화기는 1944년 미국 윌콕스(Wilcox) 전자회사에서 제작한 휴대용 전화기(Handset Telephone)로서 창군 때 미군으로부터 인수했다. 6·25전쟁 중에는 야전에서 소대와 분대간, 또는 경계 초소간 비슷한 종류의 야전 전화기나 자석식 교환기에 연결해 운용했다.
크기 : 가로 6.03cm, 세로 9.53cm, 높이 23.18cm"
